1025492916855291905,My parents took me to see the new Mission Impossible movie for an early birthday present and it was amazing :))Th‚Ä¶
1024630841736093698,Hello friends I hope everyone has a great day Going to see the movie  Mission Impossible tonight  I cannot wait  :)
1023977577072009216,Nice Movie  but if we compare it with previous series  this one is bit average  Lekin Tom cruise ki to baat he k‚Ä¶
1023037154564485120,MissonImpossible Fallout is great And can we please stop and appreciate how great Tom Cruise is this man has no‚Ä¶
1024046291330813952,MissionFilm ParamountPics What does it take to be a director of the next Mission Impossible movie Huh :)
1023734166016479232,Mission: Impossible ‚Äì Fallout was super fantastic : ) loved how it kept the feeling of a classic spy movie alive a‚Ä¶
1026200133917175808,Just watched Mission Impossible: Fallout Good movie :)
1026221714601127936,Quick review of Mission Impossible:Fallout - slow burner and everything you'd expect still manages to be a hell of a fun movie :-)
1023248975992897536,The helicopter sequence towards the climax particularly was brilliant Also that sequence was shot in complete‚Ä¶
1024040127201460224,Just watched Mission Impossible: Fallout with the amazing Jennifer Malloy The movie and the company were fantastic :-)
1023247741655363584,Totally loved the action in MI6 and the camera movements Was particularly impressed by the speedy camera follow t‚Ä¶
1025049324525252608,Finally going to see the new Mission Impossible movie tonight :-) Woohoo
1024115278450282497,I‚Äôm going to go see the mission impossible movie tomorrow :D I heard it‚Äôs really good
1024850993803145218,MaryKPH Good night Mary I am tired too I saw the new Mission Impossible movie tonight It was a wild ride :-)
1025660847920537602,I've got to say Mission Impossible: Fallout was one heck of a movie 95/10:)now back to the order of business :)
1026202775364018179,And I just bought a ticket to watch Mission: Impossible Fallout I hope I don't regret it I never liked this kind of movie tbh :P
1024902970528260096,Misson impossible fallout download now missonimpossible Fallout  TomCruise  Download here Get it here free and‚Ä¶
1026433801835216896,Now about to watch Mission Impossible Movie started 10 minutes earlier than expected but I had enough time to buy‚Ä¶
1023659706647232512,If you're all caught up go see Mission Impossible Fallout It'll literally blow your mind and have you on the edge‚Ä¶
1026195071878742016,Just watched Mission Impossible (1996) for the first time in a while forgot how awesome this movie is :)
1024277779674587136,wanna watch Mission Impossible but we got not enough time 2 hours to wait for KFry the movie is 2hrs 30mins :)
1025434699508969479,The way Tom Cruise runs in MissionImpossible I think he could totally catch Captain America and Black Panther in AvengersInfinityWar
1022964225231216651,TomCruise is utterly determined to convince audiences that he‚Äôs 6'5 and perpetually 30 MissionImpossible  MissionImpossibleFallout
1024351524942749698, runcertain: To be fair TomCruise is nothing less than a legend of the movie industry Always pushing the limit for scenes that make y‚Ä¶
1022972343495413760,The fact that I always fall for the rubber masks in MissionImpossible tells me that I wouldn't survive a day in th‚Ä¶
1024354062106611714,I've seen MissionImpossible Fallout twice now and I could swear this scene from the trailer didn't make the cut W‚Ä¶
1025516465175359490,When I saw Rogue Nation I thought there is no way they will top that movie but Tom Cruise and Chris McQuarrie did t‚Ä¶
1025081073443713024, TomCruise: 2000 feet 2000 people 4 hours of hiking The most impossible screening of MissionImpossible Fallout Thank you all for‚Ä¶
1024033453170409477, Joy105com: ‚ÄúMission Impossible: Fallout‚Äù Has Opening Weekend of $1535 Mil Worldwide  Million MissionImpossible
1022952407020568577, nmkrofficial: Watch this mve in IMAXits worth every penny u spendWith all Love TomCruise d character EthanHunt nd MissionImpo‚Ä¶
1023996304207142914, taran_adarsh: MissionImpossibleFallout has a TERRIFIC opening weekend BIGGEST opening day + opening weekend for a MissionImpossibl‚Ä¶
1022972732663910400, cgvcinemasusa: Numbers say it The best opening from the Mission: Impossible franchise so far Don't miss it in 4DX at CGV Buena Park‚Ä¶
1024411900703133696,6 Things to Love and 5 Things to Hate About Mission: Impossible ‚Äì Fallout MissionImpossibleFallout‚Ä¶
1025420842438676480, AMCTheatres: FOLLOW &amp;  for your chance to win the set of plutonium orb props from MissionImpossible Fallout Get tix now:
1024040432320307200," THR: Writer-director Christopher McQuarrie on writing the female characters in ‚ÄòMissionImpossible ‚Äì\xa0Fallout‚Äô: The simple rule was: wo‚Ä¶"
1025518367980048393,Do I care at all about MissionImpossible  Not one but Would I do this given the opportunity I would do it wi‚Ä¶
1022954406185250817,That fight scene in the bathroom was intense ü§©MissionImpossible
1022883327496212481,Couldn't agree more Watch it in IMAX if you really want to enjoy this MissionImpossible Fallout IMAX
1022971716564398085,In all honesty MissionImpossibleFallout (MissionImpossible) reminded me of JohnWickChapter2 In that the stunts‚Ä¶
1024412632080633857,About to see MissionImpossible Fallout I've liked every Mission Impossible film except 3 so looking forward to this one
1024033798856605698,Going to watch Mission Impossible on friday in Egersundi looove all the moovies MissionImpossible TomCruise Preikestolen
1022868835098083328,Run to the cinema next you and check out the new mission of MIF team Mission Impossible: Fallout cames outros to‚Ä¶
1025513260731297792,Is seeing MissionImpossible a good idea
1025081103500099585, TomCruise: 2000 feet 2000 people 4 hours of hiking The most impossible screening of MissionImpossible Fallout Thank you all for‚Ä¶
1022883399319658496,After watching Mission Impossible: Fallout in IMAX last night here is our spolier-free review of the latest instal‚Ä¶
1023997078807011331, RottenTomatoes: As the number of feet Tom runs increases so do the critical accolades - we did the math MissionImpossible
1022972802029080578, ItzTomcruise: Prepare for the biggest boldest stunts yet Get a sneak peek of MissionImpossible Fallout In theatres 72718
1022951521439363073, WIRED: TomCruise famously does his own stunts but this one in the latest MissionImpossible movie might be his most dangerous one ye‚Ä¶
1022868890035134466, latelateshow: Skydiving with TomCruise and JKCorden MissionImpossible LateLateShow
1022978523298979840, MissionFilm: Don't miss a beat of the the action MissionImpossible
