1023193398327443458,It looks like everyone is having fun with MissionImpossible Fallout If only i was a fan of the series I could've‚Ä¶
1023284838911029249,Universal City Walk IMAX project is down missionimpossible will have to wait til later :(
1025441067259371520,My only complaint re: MissionImpossible is it cost $44 for 3 small popcorns &amp; 3 'reg' sodas + 30 mins of TV commer‚Ä¶
1025516357620822017, THR: 'MissionImpossible ‚Äî Fallout' is the end of an era
1024557002889023488,I'm sorry :( missionimpossible
1025515657314689024," RottenTomatoes: MissionImpossible\xa0just keeps getting better which is your favorite film in the franchise"
1025515460626927617,Forgive me Marvel for I have sinnedI have purchased tickets to MissionImpossible before AntMan
1025515066475433984, AlanPressStart: MissionImpossible Fallout is the perfect popcorn summer movie It has everything I wanted Awesome action crazy stunt‚Ä¶
1025515144292519936, bdomenech: MissionImpossible Fallout makes me wish the Academy could give a lifetime achievement award to Tom Cruise for stunts that m‚Ä¶
1025516519873294337,What is the best movie of 2018 to this point Would you believe MissionImpossible Fallouthttps://tco/pm0fNopVqH
1025516575053492229,MissionImpossible  if you like action movies like me then this one is a must see ü§ì
1025516231598764032, MissionFilm: MissionImpossible Fallout is the 1 movie in the world Don‚Äôt miss ‚Äúone of the best reviewed blockbusters ever‚Äù See it i‚Ä¶
1025516006154727424,I'm on a mission with TomCruise and greggrunberg I saw you on the 3rd MissionImpossible
1023008999367696385,I want to see mission impossible I know it‚Äôs dumb but spies :(
1024449241509314560,We were going to watch mission impossible in 4D but my grandma JUST has to have a heart condition so we can‚Äôt watch it :(
1024142850752212992,And in the end it seemed as though the truly Impossible Mission  was keeping movie pass alive :(
1023190513418043392,alamxr Mission impossible fallout hrs nonton :(
1026210741840474114,Just finished Mission Impossible: Fallout with mi madre  {No poster :(}
1025198344552034305,i wanna see mission impossible :( damn you henry cavill 
1023275372530597890,IT WAS SOLD OUT :( im watching mission impossible instead
1025441562690547712,codapurple Mission impossible :-(
1024547507110432768,Wanna watch mission impossible :(
1026354078379520005,Mission impossible was so fucking good Henry cavill is way too fine tho I'm mad &gt;:(
1023182867507990528,just watched mission impossible it was boring :(
1026276382018596864,TraCeyLambo Family went to Mission Impossible IIXX but I passed too many impossible missions :(
1025819421506326529,I wish I could meet you but that seems like mission impossible on my part :(
1024031574856228866,love how the choices are 3D or quit my job guess I'll have to wait till the weekend to see Mission Impossible W‚Ä¶
1024181250540486656,I am so fkn stupid :( I just referred to Minority Report as Mission Impossible in class TOM CRUISE IS IN BOTH POTATO POTAHTO :(
1026540434896678913,Mahouko mission impossible guy - i am cringing its ethan hunt bro love that series :((
1025712316887777280, LostInGallifrey: Some may think that saving Shadowhunters is MissonImpossible but Shadowfam can accomplish anything when we work hard‚Ä¶
1022872470062129152,I have to confess I kinda lost interest after the third Mission: Impossible :(
1024301084062318593,final mission impossible thoughts:it was aight but there wasnt enough luther and benjie :((
1025024804544372737,rakeanshidqi meowcult Hayu kean mission impossible :(
1023523290000896001,MissionImpossibleFallout Don‚Äôt miss this film for anythingPS: Censors have ruined a part of the film by choppi‚Ä¶
1023011792388218880,thebrettmerritt Prepaying was the right choice btw I've been on the monthly plan and it just keeps getting worse‚Ä¶
1023037154564485120,MissonImpossible Fallout is great And can we please stop and appreciate how great Tom Cruise is this man has no‚Ä¶
1024770745954521088,As much as i want to watch Mission Impossible: Fallout at the first screening todayI really need this edit done :(
1023259421235802112,mission impossible: fall out was gr8kinda saddens me cos it's dad's fav movie miss my old man :(
1023874993401167878,I want to watch Mission Impossible  has anyone not watched it yet :(
1023809046577594370,i did not get to see mission impossible either :(
1023201633063198721,they moved mamma mia here we go again to the non dolby atmos cinema to make way for mission impossible &gt;:( i‚Äôm gla‚Ä¶
1024074250376888320,i wanna see mission impossible 6 again :(
1023275212534685696,timjonesjr michlynn28 MoviePass Nope same here All blacked out for all mission impossible I signed up through‚Ä¶
1023550070174535682,Mission impossible-fall outTom cruise is incredibly amazingTomCruiseTomiscrazyÌÜ∞ÌÅ¨Î£®Ï¶àmissonimpossible‚Ä¶
1023596331250663425,uh-oh i tried to check into mission impossible and MoviePass asked for a ‚Äúhandie‚Äù :(
1023387571047419904,I have moviepass for like seven months now It's a shame that I won't use it for the Mission Impossible movie :(
1023084627152388099,wanna watch mission impossible - fallout :(
1023247741655363584,Totally loved the action in MI6 and the camera movements Was particularly impressed by the speedy camera follow t‚Ä¶
1024510479631171585,mission impossible 6 was very nais the best of the franchise imo but that makes sense considering this is apparently the last one :(
1023099845567950848,Now I want to binge watch the Mission: Impossible series :( I can only remember the Ghost Protocol and Rogue Nation 
1023430202578415616,i keep forgetting the new mission impossible movie is called fallout and everytime i see someone tweet abt it i thi‚Ä¶
1024086014615117825,more people need to appreciate mission impossible and tom cruise in general :(( he does ALL of his stunts and barel‚Ä¶
1023322617443442688,i just wanna see mission impossible fallout :((((((((((((((((((
1023478261454725123,I wanna watch mission impossible but I don‚Äôt wanna go alone and my flatmate doesn‚Äôt watch action movies :(
1023867578479853573,I wanna watch mission impossible :(
1022941111357042688,I think Mission Impossible Fallout broke Moviepass :(
1024383280098013184,i'm marathoning mission impossible but i have no film snacks :(
1025801349412225024,Latinos please boycott Paramount Pictures and any movies they are releasing This includes Mission Impossible that'‚Ä¶
1024651813587439616,ChezDavisYoung I‚Äôm at the movies watching mission impossible fallout so I can‚Äôt watch unfortunately :(
1023586777456492544,very much hoping the theater will be dead today but mission impossible just came out so probably not :(
1023220726638174209,ebarg mission impossible :-(
1024550905637560320,ngl i have a few more exams before the weekend:(:( i wanna watch mission impossible fallout alr pls
1022952302322360326,Someone please accompany me to watch Tom Cruise‚Äôs new mission impossible movie :(((( *HINT HINT* ahem praisetounlock
1026135406230700032,i just wanna watch mission impossible all day and eat my feelings :(
1022895874182012929,I want to go the movies and watch mission impossible but I usually take my niece but she‚Äôs in Mexico rn :(
1023429955961724928,do u have camilas follow ‚Äî um no thats mission impossible lol- I wish it could happen one day but the chances are‚Ä¶
1025689148215189504,I wanna see Mission Impossible: fallout so bad :(
1022979731573104640,NetflixFilm I just got back from Mission Impossible so I want more Mission Impossible but you guys don't have Mission Impossible :(
1024828156014804993,I wanna watch mission impossible But too sick to do so :(
1023024275731738624,XO_BB_XO Did you see Mission Impossible today I did and I thought it was terrific I didn't see the trailer though :( Soon I hope
1024902970528260096,Misson impossible fallout download now missonimpossible Fallout  TomCruise  Download here Get it here free and‚Ä¶
1024133749620072449,I wanna see mission impossible so bad :(
1023598191839608832,I was thinking about seeing Mission Impossible but nobody else can go and I don't really want to go to a popular mo‚Ä¶
1022879006385991680,i‚Äôm so sad that i didn‚Äôt get to see antman and the wasp yesterday :( i better get to see mission impossible this weekend
1026202775364018179,And I just bought a ticket to watch Mission: Impossible Fallout I hope I don't regret it I never liked this kind of movie tbh :P
